-- EVENT MANAGEMENT DATABASE
CREATE DATABASE IF event_management;
USE event_management;

--USERS TABLE
CREATE TABLE Users (
    user_id INT PRIMARY KEY,
    full_name VARCHAR(100),
    email VARCHAR(100),
    city VARCHAR(100),
    registration_date DATE
);

INSERT INTO Users (user_id, full_name, email, city, registration_date)
VALUES
(1, 'Alice Johnson', 'alice@example.com', 'New York', '2024-12-01'),
(2, 'Bob Smith', 'bob@example.com', 'Los Angeles', '2024-12-05'),
(3, 'Charlie Lee', 'charlie@example.com', 'Chicago', '2024-12-10'),
(4, 'Diana King', 'diana@example.com', 'New York', '2025-01-15'),
(5, 'Ethan Hunt', 'ethan@example.com', 'Los Angeles', '2025-02-01');

--EVENTS TABLE
CREATE TABLE Events (
    event_id INT PRIMARY KEY,
    title VARCHAR(200),
    description TEXT,
    city VARCHAR(100),
    start_date DATETIME,
    end_date DATETIME,
    status VARCHAR(20),
    organizer_id INT
);

INSERT INTO Events (event_id, title, description, city, start_date, end_date, status, organizer_id)
VALUES
(1, 'Tech Innovators Meetup', 'A meetup for tech enthusiasts.', 'New York',
 '2025-06-10 10:00:00', '2025-06-10 16:00:00', 'upcoming', 1),

(2, 'AI & ML Conference', 'Conference on AI and ML advancements.', 'Chicago',
 '2025-05-15 09:00:00', '2025-05-15 17:00:00', 'completed', 3),

(3, 'Frontend Development Bootcamp', 'Hands-on training on frontend tech.', 'Los Angeles',
 '2025-07-01 10:00:00', '2025-07-03 16:00:00', 'upcoming', 2);

--SESSIONS TABLE
CREATE TABLE Sessions (
    session_id INT PRIMARY KEY,
    event_id INT,
    title VARCHAR(200),
    speaker_name VARCHAR(100),
    start_time DATETIME,
    end_time DATETIME
);

INSERT INTO Sessions (session_id, event_id, title, speaker_name, start_time, end_time)
VALUES
(1, 1, 'Opening Keynote', 'Dr. Tech', '2025-06-10 10:00:00', '2025-06-10 11:00:00'),
(2, 1, 'Future of Web Dev', 'Alice Johnson', '2025-06-10 11:15:00', '2025-06-10 12:30:00'),
(3, 2, 'AI in Healthcare', 'Charlie Lee', '2025-05-15 09:30:00', '2025-05-15 11:00:00'),
(4, 3, 'Intro to HTML5', 'Bob Smith', '2025-07-01 10:00:00', '2025-07-01 12:00:00');

--REGISTRATIONS TABLE
CREATE TABLE Registrations (
    registration_id INT PRIMARY KEY,
    user_id INT,
    event_id INT,
    registration_date DATE
);

INSERT INTO Registrations (registration_id, user_id, event_id, registration_date)
VALUES
(1, 1, 1, '2025-05-01'),
(2, 2, 1, '2025-05-02'),
(3, 3, 2, '2025-04-30'),
(4, 4, 2, '2025-04-28'),
(5, 5, 3, '2025-06-15');

--FEEDBACK TABLE
CREATE TABLE Feedback (
    feedback_id INT PRIMARY KEY,
    user_id INT,
    event_id INT,
    rating INT,
    comments TEXT,
    feedback_date DATE
);

INSERT INTO Feedback (feedback_id, user_id, event_id, rating, comments, feedback_date)
VALUES
(1, 3, 2, 4, 'Great insights!', '2025-05-16'),
(2, 4, 2, 5, 'Very informative.', '2025-05-16'),
(3, 2, 1, 3, 'Could be better.', '2025-06-11');

--RESOURCES TABLE
CREATE TABLE Resources (
    resource_id INT PRIMARY KEY,
    event_id INT,
    resource_type VARCHAR(20),
    resource_url VARCHAR(255),
    uploaded_at DATETIME
);

INSERT INTO Resources (resource_id, event_id, resource_type, resource_url, uploaded_at)
VALUES
(1, 1, 'pdf', 'https://portal.com/resources/tech_meetup_agenda.pdf', '2025-05-01 10:00:00'),
(2, 2, 'image', 'https://portal.com/resources/ai_poster.jpg', '2025-04-20 09:00:00'),
(3, 3, 'link', 'https://portal.com/resources/html5_docs', '2025-06-25 15:00:00');

--TEST TABLES
SELECT * FROM Users;
SELECT * FROM Events;
SELECT * FROM Sessions;
SELECT * FROM Registrations;
SELECT * FROM Feedback;
SELECT * FROM Resources;